{
  "screenshot_p50_ms": 0.03479199999992488,
  "screenshot_p95_ms": 0.03479199999992488,
  "screenshot_p99_ms": 0.03479199999992488,
  "click_capture_p50_ms": 0.003167000000075859,
  "click_capture_p95_ms": 0.016041999999970358,
  "click_capture_p99_ms": 0.016041999999970358,
  "tool_descriptor_bytes": 4101,
  "tool_descriptor_estimated_tokens": 1026,
  "captured_at": "2026-05-21T06:02:35.590Z",
  "env": {
    "platform": "darwin",
    "nodeVersion": "v26.0.0",
    "baselineLive": false,
    "screenshotIterations": 1,
    "clickCaptureIterations": 10
  }
}