{
  "screenshot_p50_ms": 221.38075000000003,
  "screenshot_p95_ms": 221.38075000000003,
  "screenshot_p99_ms": 221.38075000000003,
  "click_capture_p50_ms": 179.7967920000001,
  "click_capture_p95_ms": 245.9174170000001,
  "click_capture_p99_ms": 245.9174170000001,
  "tool_descriptor_bytes": 4055,
  "tool_descriptor_estimated_tokens": 1014,
  "captured_at": "2026-05-14T09:35:40.365Z",
  "env": {
    "platform": "darwin",
    "nodeVersion": "v25.8.1",
    "baselineLive": false,
    "screenshotIterations": 1,
    "clickCaptureIterations": 10
  }
}