{
  "screenshot_p50_ms": 0.04875000000038199,
  "screenshot_p95_ms": 0.04875000000038199,
  "screenshot_p99_ms": 0.04875000000038199,
  "click_capture_p50_ms": 0.00483299999996234,
  "click_capture_p95_ms": 0.019249999999829015,
  "click_capture_p99_ms": 0.019249999999829015,
  "tool_descriptor_bytes": 4101,
  "tool_descriptor_estimated_tokens": 1026,
  "captured_at": "2026-05-19T10:06:28.058Z",
  "env": {
    "platform": "darwin",
    "nodeVersion": "v26.0.0",
    "baselineLive": false,
    "screenshotIterations": 1,
    "clickCaptureIterations": 10
  }
}