{
  "screenshot_p50_ms": 0.05420800000001691,
  "screenshot_p95_ms": 0.05420800000001691,
  "screenshot_p99_ms": 0.05420800000001691,
  "click_capture_p50_ms": 0.0029999999999290594,
  "click_capture_p95_ms": 0.027291999999988548,
  "click_capture_p99_ms": 0.027291999999988548,
  "tool_descriptor_bytes": 4101,
  "tool_descriptor_estimated_tokens": 1026,
  "captured_at": "2026-06-08T04:41:17.973Z",
  "env": {
    "platform": "darwin",
    "nodeVersion": "v26.0.0",
    "baselineLive": false,
    "screenshotIterations": 1,
    "clickCaptureIterations": 10
  }
}